WORD_ID,VOCAB_WORD
0,http
1,use
2,list
3,email
4,get
5,mail
6,one
7,free
8,time
9,work
10,messag
11,make
12,like
13,would
14,peopl
15,new
16,inform
17,receiv
18,pleas
19,click
20,busi
21,address
22,want
23,us
24,need
25,order
26,remov
27,also
28,go
29,year
30,send
31,money
32,file
33,compani
34,system
35,report
36,way
37,wrote
38,name
39,user
40,look
41,chang
42,site
43,day
44,know
45,state
46,program
47,may
48,see
49,call
50,could
51,group
52,even
53,think
54,includ
55,linux
56,first
57,offer
58,take
59,say
60,servic
61,right
62,tri
63,world
64,help
65,find
66,internet
67,market
68,product
69,mani
70,much
71,home
72,said
73,softwar
74,web
75,problem
76,date
77,line
78,spam
79,link
80,check
81,start
82,number
83,run
84,good
85,thing
86,well
87,subject
88,interest
89,phone
90,govern
91,person
92,provid
93,set
94,today
95,come
96,million
97,ad
98,give
99,server
100,follow
101,back
102,best
103,month
104,form
105,rate
106,everi
107,secur
108,gener
109,url
110,price
111,still
112,comput
113,packag
114,instal
115,code
116,avail
117,sent
118,life
119,version
120,read
121,commun
122,sinc
123,grant
124,maintain
125,sponsor
126,thank
127,network
128,two
129,differ
130,credit
131,without
132,made
133,develop
134,support
135,within
136,week
137,page
138,write
139,save
140,realli
141,subscript
142,case
143,irish
144,someth
145,current
146,un
147,anyon
148,last
149,onlin
150,complet
151,sure
152,seem
153,card
154,build
155,requir
156,manag
157,custom
158,de
159,ilug
160,never
161,better
162,window
163,keep
164,special
165,point
166,ca
167,place
168,search
169,per
170,anoth
171,found
172,actual
173,access
174,result
175,repli
176,contact
177,question
178,part
179,base
180,futur
181,old
182,listmast
183,issu
184,put
185,wish
186,long
187,next
188,let
189,live
190,countri
191,hour
192,end
193,invest
194,unsubscrib
195,must
196,easi
197,mean
198,process
199,unit
200,lot
201,great
202,got
203,show
204,technolog
205,account
206,nation
207,guarante
208,might
209,power
210,releas
211,legal
212,data
213,cost
214,allow
215,success
216,sourc
217,news
218,engin
219,possibl
220,trade
221,profession
222,visit
223,post
224,idea
225,increas
226,pay
227,ask
228,public
229,advertis
230,open
231,error
232,websit
233,opportun
234,test
235,real
236,sell
237,ever
238,less
239,respons
240,insur
241,plan
242,design
243,tell
244,creat
245,word
246,buy
247,reason
248,howev
249,prefer
250,heaven
251,someon
252,effect
253,aug
254,cd
255,color
256,law
257,sale
258,improv
259,applic
260,around
261,instead
262,fact
263,least
264,box
265,dollar
266,fix
267,ye
268,american
269,rpm
270,job
271,copi
272,simpl
273,probabl
274,origin
275,believ
276,cours
277,contain
278,move
279,type
280,fax
281,happen
282,though
283,friend
284,littl
285,els
286,financi
287,total
288,valu
289,share
290,welcom
291,request
292,exampl
293,add
294,return
295,abl
296,client
297,format
298,perl
299,anyth
300,alway
301,simpli
302,alreadi
303,high
304,protect
305,full
306,fill
307,cash
308,feel
309,mailto
310,directori
311,regard
312,purchas
313,stop
314,licens
315,bit
316,signatur
317,import
318,experi
319,intern
320,polici
321,answer
322,exist
323,past
324,note
325,famili
326,updat
327,learn
328,top
329,info
330,sep
331,geek
332,becom
333,act
334,lead
335,small
336,age
337,drive
338,second
339,ship
340,instruct
341,suppli
342,control
343,member
344,databas
345,thousand
346,low
347,recent
348,incom
349,select
350,featur
351,stuff
352,minut
353,appli
354,turn
355,industri
356,sever
357,yet
358,done
359,citi
360,continu
361,limit
362,tool
363,understand
364,detail
365,guid
366,c
367,noth
368,exmh
369,folder
370,notic
371,everyth
372,step
373,oper
374,enough
375,claim
376,big
377,sign
378,caus
379,letter
380,univers
381,e
382,larg
383,key
384,care
385,other
386,hard
387,three
388,thinkgeek
389,connect
390,record
391,discuss
392,text
393,accept
394,etc
395,thu
396,bill
397,play
398,term
399,via
400,specif
401,pgp
402,offic
403,talk
404,america
405,mayb
406,deal
407,immedi
408,direct
409,option
410,download
411,major
412,seen
413,forc
414,hope
415,true
416,subscrib
417,kind
418,center
419,thought
420,method
421,individu
422,decid
423,rule
424,log
425,lose
426,plu
427,comment
428,matter
429,natur
430,risk
431,either
432,yahoo
433,assist
434,quot
435,rather
436,present
437,mime
438,away
439,content
440,rememb
441,wait
442,r
443,hand
444,bank
445,fund
446,local
447,kernel
448,project
449,secret
450,loan
451,train
452,level
453,hundr
454,corpor
455,activ
456,research
457,consid
458,matthia
459,area
460,razor
461,august
462,forward
463,bodi
464,book
465,root
466,stori
467,addit
468,machin
469,standard
470,benefit
471,target
472,war
473,entir
474,suggest
475,bad
476,quit
477,document
478,copyright
479,appear
480,global
481,posit
482,presid
483,author
484,bug
485,often
486,expect
487,juli
488,distribut
489,polit
490,mind
491,human
492,septemb
493,grow
494,jul
495,ago
496,size
497,hit
498,qualiti
499,none
500,trust
501,easili
502,partner
503,pm
504,island
505,agent
506,love
507,b
508,whether
509,join
510,absolut
511,given
512,collect
513,solut
514,involv
515,amount
516,happi
517,associ
518,fast
519,charg
520,singl
521,domain
522,man
523,whole
524,promot
525,dvd
526,later
527,earn
528,sort
529,far
530,fork
531,hi
532,feder
533,parti
534,submit
535,upon
536,mortgag
537,enter
538,potenti
539,meet
540,wed
541,refer
542,normal
543,wrong
544,red
545,function
546,nice
547,tm
548,load
549,publish
550,social
551,transact
552,econom
553,almost
554,wonder
555,john
556,discov
557,everyon
558,reach
559,close
560,view
561,pass
562,fail
563,execut
564,sound
565,depend
566,profit
567,privat
568,perform
569,women
570,broadcast
571,attack
572,x
573,newslett
574,relat
575,automat
576,paid
577,statement
578,contract
579,effort
580,delet
581,begin
582,mark
583,foreign
584,compil
585,sequenc
586,media
587,regist
588,miss
589,bush
590,final
591,spamassassin
592,figur
593,cell
594,header
595,stock
596,command
597,handl
598,display
599,action
600,similar
601,game
602,locat
603,tuesday
604,templ
605,digit
606,pick
607,transfer
608,event
609,disk
610,hat
611,wo
612,chri
613,produc
614,known
615,soon
616,track
617,articl
618,print
619,longer
620,tax
621,properti
622,pretti
623,mention
624,toner
625,default
626,store
627,dear
628,script
629,debt
630,men
631,pc
632,oblig
633,hous
634,respect
635,upgrad
636,sun
637,imag
638,microsoft
639,due
640,organ
641,bulk
642,enenkio
643,payment
644,weight
645,commiss
646,administr
647,capit
648,freedom
649,health
650,along
651,daili
652,half
653,worth
654,propos
655,practic
656,usa
657,cartridg
658,offici
659,resourc
660,languag
661,came
662,billion
663,strategi
664,leav
665,late
666,platform
667,assum
668,concern
669,remain
670,net
671,clear
672,devic
673,exactli
674,html
675,street
676,anyway
677,car
678,ignor
679,lost
680,tire
681,ok
682,interact
683,tue
684,respond
685,hear
686,went
687,la
688,head
689,deliv
690,tablet
691,n
692,taken
693,independ
694,perhap
695,clean
696,bring
697,configur
698,space
699,qualifi
700,fals
701,watch
702,averag
703,fine
704,press
705,invok
706,school
707,retail
708,short
709,recommend
710,expens
711,enabl
712,memori
713,fall
714,membership
715,guess
716,huge
717,fee
718,host
719,consult
720,edit
721,extrem
722,left
723,suit
724,xml
725,review
726,usual
727,choos
728,warn
729,common
730,advantag
731,compar
732,except
733,en
734,region
735,port
736,materi
737,agre
738,side
739,abil
740,main
741,announc
742,field
743,told
744,fri
745,basic
746,paper
747,le
748,although
749,guy
750,drop
751,dream
752,five
753,black
754,spend
755,vulner
756,growth
757,readi
758,item
759,educ
760,hold
761,win
762,model
763,cheer
764,bonu
765,face
766,replac
767,electron
768,unseen
769,confidenti
770,interfac
771,studi
772,altern
773,reserv
774,loss
775,safe
776,mon
777,intend
778,kingdom
779,accord
780,avoid
781,j
782,choic
783,implement
784,multipl
785,rest
786,approv
787,id
788,oz
789,commerci
790,situat
791,histori
792,break
793,moment
794,insid
795,togeth
796,employ
797,chanc
798,combin
799,extra
800,investig
801,purpos
802,p
803,quick
804,pictur
805,section
806,coupl
807,initi
808,advanc
809,confirm
810,msg
811,monday
812,across
813,util
814,goe
815,court
816,unless
817,burn
818,particular
819,energi
820,object
821,score
822,express
823,et
824,male
825,india
826,took
827,owner
828,video
829,indic
830,count
831,sens
832,filter
833,agenc
834,correct
835,societi
836,speed
837,directli
838,four
839,procedur
840,profil
841,die
842,variou
843,anywher
844,valid
845,ventur
846,match
847,uniqu
848,period
849,gpl
850,seek
851,especi
852,piec
853,consum
854,behalf
855,certain
856,sex
857,spammer
858,whatev
859,kevin
860,investor
861,white
862,class
863,explain
864,adam
865,knowledg
866,popul
867,setup
868,remot
869,latest
870,gain
871,cut
872,unison
873,atol
874,oh
875,dagga
876,tip
877,militari
878,ftp
879,block
880,googl
881,unix
882,south
883,marshal
884,gari
885,lawrenc
886,tv
887,patch
888,establish
889,smoke
890,team
891,valuabl
892,switch
893,imagin
894,java
895,shop
896,aaaaaaaaaaaaaaaaaaaaaaaaaaaaaaaaaaaaaaaaaaaaaaaaaaaaaaaaaaaaaaaaaaaaaaaaaaaa
897,ragga
898,integr
899,robert
900,prevent
901,prepar
902,attempt
903,third
904,privaci
905,will
906,folk
907,hardwar
908,tag
909,sorri
910,necessari
911,boot
912,heard
913,manual
914,sometim
915,reduc
916,congress
917,bottl
918,screen
919,saou
920,york
921,particip
922,fastest
923,china
924,night
925,sa
926,depart
927,enjoy
928,cover
929,backup
930,stand
931,certainli
932,obtain
933,driver
934,alb
935,mass
936,goal
937,seriou
938,regul
939,path
940,lower
941,h
942,suppos
943,competit
944,botan
945,amaz
946,fulli
947,land
948,promis
949,medic
950,speak
951,capabl
952,poor
953,extend
954,introduc
955,deathtospamdeathtospamdeathtospam
956,traffic
957,scienc
958,titl
959,lowest
960,apolog
961,movi
962,defin
963,describ
964,troubl
965,definit
966,neg
967,film
968,paul
969,exchang
970,cv
971,rang
972,easier
973,sender
974,wireless
975,decis
976,osdn
977,os
978,death
979,technic
980,approach
981,six
982,murphi
983,earli
984,predict
985,beberg
986,commit
987,fortun
988,written
989,quickli
990,sold
991,redhat
992,worri
993,im
994,kill
995,music
996,ham
997,firm
998,judgment
999,button
1000,michael
1001,apt
1002,seventh
1003,opinion
1004,fat
1005,father
1006,ensur
1007,mobil
1008,north
1009,economi
1010,king
1011,browser
1012,attach
1013,telephon
1014,faster
1015,premium
1016,achiev
1017,bar
1018,archiv
1019,player
1020,argument
1021,librari
1022,separ
1023,desir
1024,techniqu
1025,travel
1026,adult
1027,enterpris
1028,cooper
1029,threat
1030,demand
1031,deserv
1032,board
1033,appar
1034,uk
1035,hello
1036,condit
1037,modul
1038,anim
1039,estat
1040,wide
1041,attent
1042,dave
1043,elimin
1044,enhanc
1045,outsid
1046,terrorist
1047,determin
1048,stay
1049,repres
1050,virtual
1051,monthli
1052,drug
1053,expert
1054,wall
1055,f
1056,cabl
1057,children
1058,held
1059,sincer
1060,modifi
1061,declar
1062,environ
1063,pain
1064,gnupg
1065,fun
1066,washington
1067,danger
1068,permiss
1069,signific
1070,kid
1071,iii
1072,relev
1073,david
1074,confid
1075,canada
1076,w
1077,programm
1078,rich
1079,sum
1080,cc
1081,equip
1082,exclus
1083,proven
1084,popular
1085,air
1086,forev
1087,excel
1088,bitbitch
1089,justin
1090,bottom
1091,string
1092,cat
1093,diet
1094,expand
1095,centuri
1096,paragraph
1097,usd
1098,skip
1099,g
1100,central
1101,factor
1102,friday
1103,identifi
1104,san
1105,pattern
1106,anybodi
1107,near
1108,monitor
1109,relationship
1110,challeng
1111,l
1112,behind
1113,terror
1114,appreci
1115,excit
1116,director
1117,asset
1118,toward
1119,perfect
1120,girl
1121,exercis
1122,confer
1123,whose
1124,discoveri
1125,citizen
1126,roman
1127,among
1128,defens
1129,sexual
1130,rh
1131,rais
1132,background
1133,progress
1134,unsolicit
1135,difficult
1136,road
1137,hettinga
1138,rel
1139,west
1140,fit
1141,sampl
1142,partit
1143,thread
1144,lender
1145,octob
1146,illeg
1147,colleg
1148,photo
1149,intellig
1150,spain
1151,acquir
1152,entri
1153,chief
1154,serv
1155,seri
1156,earth
1157,william
1158,tie
1159,solv
1160,strong
1161,reader
1162,confus
1163,refin
1164,european
1165,largest
1166,stupid
1167,instant
1168,ms
1169,tree
1170,fair
1171,measur
1172,verifi
1173,mode
1174,french
1175,extract
1176,equival
1177,peac
1178,regular
1179,built
1180,lock
1181,slow
1182,index
1183,mac
1184,resid
1185,conveni
1186,oct
1187,procmail
1188,reliabl
1189,deliveri
1190,laptop
1191,sweet
1192,tradit
1193,smart
1194,suse
1195,dead
1196,categori
1197,datapow
1198,brian
1199,front
1200,africa
1201,arial
1202,graphic
1203,inlin
1204,ident
1205,leader
1206,cach
1207,voic
1208,europ
1209,useless
1210,emerg
1211,ten
1212,annuiti
1213,realiz
1214,statu
1215,femal
1216,tim
1217,desktop
1218,compat
1219,occur
1220,campaign
1221,capillari
1222,verdana
1223,fire
1224,abus
1225,evid
1226,gift
1227,cultur
1228,therefor
1229,young
1230,gnu
1231,herba
1232,institut
1233,previous
1234,concept
1235,satellit
1236,revenu
1237,higher
1238,physic
1239,convers
1240,aid
1241,deposit
1242,brand
1243,walk
1244,warranti
1245,launch
1246,thursday
1247,concentr
1248,contribut
1249,roll
1250,june
1251,otherwis
1252,degre
1253,doubt
1254,nigeria
1255,underlin
1256,forget
1257,weapon
1258,arriv
1259,former
1260,wife
1261,classifi
1262,indian
1263,honor
1264,pacif
1265,yeah
1266,repositori
1267,unlimit
1268,carri
1269,inde
1270,compet
1271,critic
1272,listen
1273,conflict
1274,powel
1275,token
1276,affili
1277,recipi
1278,fight
1279,app
1280,tech
1281,unfortun
1282,isp
1283,percent
1284,surpris
1285,extens
1286,storag
1287,sat
1288,password
1289,hermio
1290,sleep
1291,detect
1292,succeed
1293,jabber
1294,hot
1295,basi
1296,sit
1297,art
1298,civil
1299,assur
1300,catch
1301,effici
1302,kept
1303,panel
1304,substanti
1305,intro
1306,alsa
1307,water
1308,printer
1309,garrigu
1310,mine
1311,pull
1312,charact
1313,menu
1314,descript
1315,tabl
1316,scan
1317,proprietari
1318,ip
1319,jm
1320,light
1321,enemi
1322,god
1323,disabl
1324,saw
1325,revers
1326,pudg
1327,discount
1328,advic
1329,output
1330,v
1331,truth
1332,wednesday
1333,joe
1334,attract
1335,balanc
1336,euro
1337,worldwid
1338,seven
1339,gone
1340,manufactur
1341,af
1342,vendor
1343,analysi
1344,structur
1345,teach
1346,cool
1347,room
1348,agreement
1349,alon
1350,specifi
1351,franc
1352,jame
1353,lack
1354,vote
1355,decad
1356,morn
1357,california
1358,k
1359,patent
1360,awar
1361,boston
1362,wast
1363,gold
1364,editor
1365,whitelist
1366,zip
1367,treat
1368,innov
1369,insert
1370,inc
1371,polic
1372,construct
1373,nobodi
1374,highli
1375,tom
1376,journal
1377,financ
1378,ga
1379,career
1380,clue
1381,temperatur
1382,obvious
1383,theori
1384,constitut
1385,ultim
1386,touch
1387,afford
1388,gcc
1389,flag
1390,input
1391,spec
1392,impress
1393,son
1394,encourag
1395,incred
1396,usag
1397,trick
1398,peni
1399,ab
1400,ebay
1401,attorney
1402,cent
1403,correspond
1404,brain
1405,greater
1406,anymor
1407,hp
1408,boy
1409,blood
1410,jim
1411,middl
1412,annual
1413,trial
1414,previou
1415,mother
1416,master
1417,wake
1418,blank
1419,dan
1420,urgent
1421,stream
1422,suffer
1423,democrat
1424,greg
1425,el
1426,hate
1427,cbyi
1428,larger
1429,mechan
1430,mike
1431,advis
1432,pound
1433,cheap
1434,perman
1435,focu
1436,speech
1437,skeptic
1438,style
1439,flow
1440,mostli
1441,varieti
1442,star
1443,smtp
1444,php
1445,judg
1446,summari
1447,particularli
1448,underwrit
1449,percentag
1450,bold
1451,echo
1452,behavior
1453,obviou
1454,delay
1455,vacat
1456,dynam
1457,instanc
1458,wealth
1459,mistak
1460,binari
1461,super
1462,keyboard
1463,earlier
1464,warm
1465,destruct
1466,toni
1467,comfort
1468,republ
1469,rock
1470,channel
1471,affect
1472,firewal
1473,mailer
1474,rick
1475,eye
1476,telecom
1477,u
1478,arm
1479,laserjet
1480,reveal
1481,auto
1482,termin
1483,aa
1484,woman
1485,suspect
1486,dark
1487,essenti
1488,steve
1489,motiv
1490,tend
1491,ban
1492,consolid
1493,se
1494,ireland
1495,heart
1496,rss
1497,floppi
1498,alli
1499,recogn
1500,btw
1501,skill
1502,prospect
1503,english
1504,principl
1505,vipul
1506,consist
1507,domest
1508,beta
1509,pack
1510,impact
1511,core
1512,lawyer
1513,wing
1514,highlight
1515,prompt
1516,estim
1517,magazin
1518,defend
1519,eval
1520,somewher
1521,opt
1522,eventu
1523,dell
1524,invit
1525,gnome
1526,nearli
1527,restor
1528,march
1529,variabl
1530,fl
1531,planta
1532,lifetim
1533,staff
1534,convert
1535,vehicl
1536,unlik
1537,pipe
1538,task
1539,role
1540,beat
1541,font
1542,ftoc
1543,revis
1544,comprehens
1545,ground
1546,clearli
1547,modem
1548,despit
1549,biggest
1550,babi
1551,map
1552,teledynam
1553,hair
1554,audio
1555,eat
1556,dn
1557,histor
1558,modern
1559,pocket
1560,python
1561,food
1562,suck
1563,complianc
1564,commentari
1565,bind
1566,favor
1567,bf
1568,strength
1569,ii
1570,picasso
1571,sensit
1572,knew
1573,ec
1574,fresh
1575,senior
1576,strongli
1577,shown
1578,minimum
1579,mlm
1580,exploit
1581,coverag
1582,dragon
1583,config
1584,british
1585,netscap
1586,stabl
1587,spot
1588,liber
1589,failur
1590,instantli
1591,mile
1592,beyond
1593,met
1594,interview
1595,employe
1596,peter
1597,int
1598,dont
1599,doctor
1600,conserv
1601,ea
1602,gave
1603,mailbox
1604,truli
1605,protocol
1606,permit
1607,texa
1608,everybodi
1609,tape
1610,visa
1611,signal
1612,synchron
1613,tx
1614,equal
1615,optim
1616,calcul
1617,reli
1618,brought
1619,typic
1620,consider
1621,startup
1622,dial
1623,revok
1624,proper
1625,crash
1626,chines
1627,al
1628,hover
1629,char
1630,geeg
1631,draw
1632,exact
1633,translat
1634,distanc
1635,led
1636,hidden
1637,worst
1638,showcas
1639,favorit
1640,stylu
1641,spent
1642,crimin
1643,prove
1644,finish
1645,boss
1646,plant
1647,imposs
1648,extern
1649,bonus
1650,annoy
1651,neighbor
1652,broker
1653,evil
1654,yesterday
1655,sir
1656,artist
1657,explor
1658,q
1659,bb
1660,rare
1661,ran
1662,acknowledg
1663,bearer
1664,retriev
1665,repair
1666,pop
1667,sole
1668,foundat
1669,z
1670,feet
1671,bigger
1672,evalu
1673,hotel
1674,guidelin
1675,safeti
1676,rob
1677,scientist
1678,properli
1679,serious
1680,hell
1681,rebuild
1682,equiti
1683,edward
1684,portion
1685,england
1686,expir
1687,poverti
1688,somebodi
1689,beauti
1690,hack
1691,strang
1692,planet
1693,helvetica
1694,sunday
1695,lie
1696,scheme
1697,jump
1698,sport
1699,strip
1700,autom
1701,antiqu
1702,minor
1703,chicago
1704,iiu
1705,climat
1706,restrict
1707,prescript
1708,bell
1709,summer
1710,spread
1711,correctli
1712,station
1713,push
1714,diseas
1715,student
1716,entertain
1717,epson
1718,lo
1719,becam
1720,mount
1721,headlin
1722,para
1723,vou
1724,shape
1725,radio
1726,fundament
1727,primari
1728,gentl
1729,recruit
1730,currenc
1731,threaten
1732,happier
1733,husband
1734,recal
1735,merchant
1736,proxi
1737,resum
1738,spamd
1739,laser
1740,seed
1741,damag
1742,mainten
1743,herb
1744,craig
1745,protest
1746,hang
1747,architectur
1748,stick
1749,exit
1750,van
1751,plug
1752,doubl
1753,remedi
1754,feroc
1755,bc
1756,corpu
1757,buyer
1758,muscl
1759,prioriti
1760,settlement
1761,empti
1762,vast
1763,georg
1764,creativ
1765,laugh
1766,prior
1767,viagra
1768,moor
1769,symbol
1770,western
1771,green
1772,angl
1773,sendmail
1774,tel
1775,feedback
1776,ticket
1777,hire
1778,disappear
1779,faith
1780,hall
1781,luck
1782,reg
1783,ba
1784,somehow
1785,dozen
1786,seminar
1787,ssh
1788,norton
1789,reject
1790,aspect
1791,hormon
1792,broken
1793,supplement
1794,realiti
1795,wors
1796,camera
1797,oil
1798,usb
1799,feed
1800,child
1801,batteri
1802,disclaim
1803,anonym
1804,bother
1805,kathmandu
1806,committe
1807,substanc
1808,arrang
1809,parent
1810,encrypt
1811,shot
1812,ie
1813,allianc
1814,doc
1815,entrepreneur
1816,argu
1817,pour
1818,democraci
1819,appeal
1820,acceler
1821,shall
1822,perfectli
1823,fantasi
1824,convent
1825,park
1826,random
1827,serial
1828,phrase
1829,shock
1830,sponsorship
1831,authent
1832,slightli
1833,legitim
1834,statist
1835,observ
1836,neither
1837,mozilla
1838,electr
1839,blue
1840,convinc
1841,nort
1842,resolv
1843,merg
1844,award
1845,edificio
1846,appropri
1847,hey
1848,frame
1849,east
1850,auction
1851,funni
1852,alert
1853,barcelona
1854,edg
1855,refund
1856,door
1857,empir
1858,queri
1859,strictli
1860,kelli
1861,survey
1862,ac
1863,volum
1864,aphrodisia
1865,eugen
1866,tomorrow
1867,pressur
1868,stabil
1869,daniel
1870,fear
1871,carrier
1872,solari
1873,highest
1874,smaller
1875,hunt
1876,capac
1877,damn
1878,bear
1879,lesson
1880,surviv
1881,januari
1882,declin
1883,mr
1884,amend
1885,aggress
1886,nt
1887,strike
1888,te
1889,banner
1890,farquhar
1891,bought
1892,fairli
1893,alter
1894,mason
1895,à
1896,meant
1897,herbal
1898,arrest
1899,trip
1900,union
1901,twice
1902,owen
1903,odd
1904,pablo
1905,virus
1906,cancel
1907,appl
1908,zero
1909,repeat
1910,ah
1911,easiest
1912,promiscu
1913,inbox
1914,race
1915,cold
1916,licenc
1917,complain
1918,bound
1919,violat
1920,exclud
1921,duplic
1922,gmt
1923,welch
1924,weekend
1925,harm
1926,compon
1927,winner
1928,bunch
1929,spray
1930,prosaka
1931,audienc
1932,scam
1933,postal
1934,vari
1935,ratio
1936,md
1937,algorithm
1938,farm
1939,formula
1940,deni
1941,debian
1942,presum
1943,mirror
1944,pill
1945,blog
1946,mous
1947,nativ
1948,genet
1949,honest
1950,round
1951,mh
1952,reduct
1953,bandwidth
1954,renew
1955,tab
1956,club
1957,austin
1958,split
1959,viru
1960,bankruptci
1961,reboot
1962,sea
1963,vjestika
1964,â
1965,gibbon
1966,brief
1967,gay
1968,iraq
1969,martin
1970,precis
1971,partnership
1972,compens
1973,approxim
1974,analyst
1975,elsewher
1976,possess
1977,gordon
1978,testimoni
1979,label
1980,lift
1981,processor
1982,saturday
1983,porn
1984,deploy
1985,margin
1986,msgid
1987,roger
1988,plugin
1989,dramat
1990,grand
1991,reward
1992,envelop
1993,massiv
1994,weekli
1995,aol
1996,ibm
1997,infrastructur
1998,complex
1999,prohibit
2000,nvidia
2001,sm
2002,hmm
2003,fuck
2004,dig
2005,writer
2006,flash
2007,environment
2008,registr
2009,retir
2010,engag
2011,religion
2012,collabor
2013,millionair
2014,adopt
2015,that
2016,cancer
2017,anytim
2018,apart
2019,agreeabl
2020,rohit
2021,schedul
2022,yellow
2023,justic
2024,buffer
2025,length
2026,shell
2027,cycl
2028,african
2029,inconveni
2030,thoma
2031,satisfi
2032,ae
2033,assembl
2034,plenti
2035,conduct
2036,northern
2037,solicit
2038,ministri
2039,harley
2040,ps
2041,rose
2042,encount
2043,clock
2044,henc
2045,mere
2046,candid
2047,experienc
2048,swap
2049,distro
2050,rout
2051,self
2052,ffffff
2053,duncan
2054,onto
2055,excess
2056,enforc
2057,null
2058,farmer
2059,acquisit
2060,own
2061,img
2062,began
2063,throw
2064,demonstr
2065,guido
2066,straight
2067,elect
2068,deep
2069,da
2070,minim
2071,grab
2072,russian
2073,kate
2074,homeown
2075,conclud
2076,newspap
2077,liter
2078,wholesal
2079,scale
2080,transform
2081,invent
2082,prosper
2083,pointer
2084,attend
2085,london
2086,evolv
2087,domin
2088,famou
2089,colleagu
2090,oppos
2091,var
2092,rank
2093,boost
2094,solid
2095,televis
2096,mix
2097,toll
2098,unabl
2099,receipt
2100,christian
2101,context
2102,chat
2103,lawsuit
2104,niall
2105,murder
2106,wave
2107,hors
2108,buck
2109,glad
2110,valhalla
2111,blame
2112,religi
2113,entiti
2114,attain
2115,skin
2116,co
2117,proof
2118,routin
2119,resel
2120,remark
2121,loop
2122,assert
2123,corrupt
2124,crime
2125,preserv
2126,webmast
2127,russia
2128,inkjet
2129,moral
2130,asia
2131,tune
2132,tast
2133,numer
2134,replica
2135,vircio
2136,paypal
2137,glm
2138,newsgroup
2139,forest
2140,inspir
2141,mathemat
2142,marshalles
2143,abacha
2144,scientif
2145,brent
2146,accur
2147,icq
2148,passphras
2149,habea
2150,formal
2151,bu
2152,frequent
2153,ben
2154,destroy
2155,song
2156,embed
2157,column
2158,victim
2159,rise
2160,mountain
2161,jar
2162,hash
2163,yield
2164,visitor
2165,throughout
2166,na
2167,brother
2168,hint
2169,bless
2170,regardless
2171,joseph
2172,chart
2173,heavi
2174,sheet
2175,pure
2176,consequ
2177,town
2178,aim
2179,classic
2180,chip
2181,decemb
2182,ed
2183,amateur
2184,logic
2185,incompat
2186,bay
2187,drink
2188,trace
2189,freebsd
2190,branch
2191,labor
2192,limbo
2193,dog
2194,mess
2195,remind
2196,est
2197,satisfact
2198,prize
2199,exhibit
2200,ladi
2201,smoker
2202,exceed
2203,coast
2204,il
2205,felt
2206,medium
2207,privileg
2208,adapt
2209,topic
2210,spamtrap
2211,negoti
2212,pars
2213,syntax
2214,export
2215,spirit
2216,focus
2217,assign
2218,violenc
2219,que
2220,gambl
2221,crap
2222,joke
2223,imho
2224,worker
2225,incorpor
2226,lib
2227,opposit
2228,circumst
2229,pa
2230,stamp
2231,appoint
2232,fan
2233,tremend
2234,cheaper
2235,byte
2236,pursu
2237,complic
2238,battl
2239,batch
2240,specialist
2241,vice
2242,intel
2243,compel
2244,alan
2245,unknown
2246,moder
2247,older
2248,affair
2249,gather
2250,strengthen
2251,sur
2252,jodi
2253,pro
2254,boundari
2255,airlin
2256,florida
2257,caught
2258,ui
2259,sophist
2260,bet
2261,struggl
2262,lover
2263,okay
2264,trivial
2265,goto
2266,loos
2267,border
2268,kit
2269,unwant
2270,truck
2271,riaa
2272,admit
2273,keyword
2274,liberti
2275,compress
2276,entitl
2277,chairman
2278,po
2279,disclosur
2280,britain
2281,ved
2282,trend
2283,australia
2284,album
2285,transmiss
2286,ideal
2287,dublin
2288,belief
2289,ahead
2290,pioneer
2291,owe
2292,surfac
2293,penni
2294,stage
2295,mastercard
2296,wear
2297,sector
2298,airport
2299,ownership
2300,muslim
2301,hole
2302,pickl
2303,msn
2304,relay
2305,maker
2306,adjust
2307,majesti
2308,jack
2309,weather
2310,mplayer
2311,scott
2312,palestinian
2313,stress
2314,tin
2315,encod
2316,assumpt
2317,raw
2318,dice
2319,wa
2320,stephen
2321,ice
2322,lay
2323,refus
2324,suffici
2325,outlook
2326,overal
2327,reform
2328,maximum
2329,dump
2330,weak
2331,hide
2332,curv
2333,marri
2334,chain
2335,wealthi
2336,influenc
2337,portabl
2338,schuman
2339,magic
2340,propag
2341,finger
2342,ne
2343,transpar
2344,sentenc
2345,captur
2346,debug
2347,hawaii
2348,session
2349,ce
2350,shout
2351,holiday
2352,egg
2353,submiss
2354,ou
2355,lilo
2356,explan
2357,crack
2358,catalog
2359,astronom
2360,dinosaur
2361,spring
2362,trademark
2363,silli
2364,depress
2365,whatsoev
2366,frustrat
2367,bone
2368,patrick
2369,retain
2370,mandat
2371,endeavor
2372,admin
2373,vision
2374,timeout
2375,rah
2376,ram
2377,intellectu
2378,virginia
2379,latter
2380,casino
2381,ar
2382,gpg
2383,outstand
2384,corner
2385,mysql
2386,besid
2387,inexpens
2388,weird
2389,scratch
2390,speaker
2391,hospit
2392,heck
2393,belong
2394,ethic
2395,tower
2396,rapidli
2397,fli
2398,api
2399,buri
2400,settl
2401,spambay
2402,circl
2403,movement
2404,unusu
2405,randomli
2406,francisco
2407,hacker
2408,fuel
2409,bomb
2410,formul
2411,openssl
2412,expos
2413,twenti
2414,pentium
2415,recognit
2416,minist
2417,intent
2418,germani
2419,tivo
2420,jeremi
2421,plane
2422,xxx
2423,thirti
2424,snore
2425,necessarili
2426,ir
2427,constant
2428,du
2429,greatest
2430,igtt
2431,celebr
2432,organis
2433,lean
2434,scholarship
2435,ton
2436,abandon
2437,eb
2438,ez
2439,prob
2440,proceed
2441,joint
2442,preced
2443,iroijlaplap
2444,marriag
2445,richard
2446,tweak
2447,wild
2448,recov
2449,dr
2450,conclus
2451,framework
2452,harvest
2453,arg
2454,element
2455,greet
2456,jurisdict
2457,relax
2458,fp
2459,es
2460,german
2461,openssh
2462,armi
2463,japan
2464,season
2465,forum
2466,une
2467,maxim
2468,theme
2469,scope
2470,murjel
2471,leas
2472,angel
2473,dedic
2474,render
2475,magnitud
2476,mutual
2477,freez
2478,bullet
2479,bsd
2480,bob
2481,draft
2482,subsequ
2483,tobacco
2484,maxaman
2485,navig
2486,ximian
2487,notifi
2488,pleasur
2489,trader
2490,pci
2491,telecommun
2492,hook
2493,decreas
2494,con
2495,shoot
2496,quarter
2497,distributor
2498,potent
2499,advisor
